<Configuration ID="85d2ef65-e8a0-4de6-ab6f-0478836aac31">
  <Add OfficeClientEdition="64" Channel="Current">
    <Product ID="O365ProPlusRetail">
      <Language ID="pt-br" />
      <ExcludeApp ID="Groove" />
      <ExcludeApp ID="Lync" />
    </Product>
  </Add>
  <Property Name="SharedComputerLicensing" Value="0" />
  <Property Name="FORCEAPPSHUTDOWN" Value="TRUE" />
  <Property Name="DeviceBasedLicensing" Value="0" />
  <Property Name="SCLCacheOverride" Value="0" />
  <Property Name="TenantId" Value="4c2b3b1a-8278-4ab3-9bb4-e377064ea963" />
  <Updates Enabled="TRUE" />
  <RemoveMSI />
  <Display Level="None" AcceptEULA="FALSE" />
</Configuration>